sortpubdate,pubdate,first_author,title,pmid,pubmed_url
2026/02/01 00:00,2026 Feb,Brown A,Death and new disability following bleeding complications during venoarterial extracorporeal membrane oxygenation. A prospective cohort study from the EXCEL registry.,41101139,https://pubmed.ncbi.nlm.nih.gov/41101139/
2026/01/01 00:00,2026 Jan,Walker HGM,Factors associated with resource-intensive planned critical care admissions after elective surgery in patients with a planned admission to the intensive care unit.,41330799,https://pubmed.ncbi.nlm.nih.gov/41330799/
2026/01/01 00:00,2026 Jan 1,Brown A,Neurologic Complications During Venoarterial Extracorporeal Membrane Oxygenation and Their Implications for 6-Month Patient-Centered Outcomes.,41212045,https://pubmed.ncbi.nlm.nih.gov/41212045/
2025/12/07 00:00,2025,Vora A,"Acute Massive Hydroxychloroquine Overdose of 60 g in an Adult, Successfully Resuscitated: A Successful Salvage.",41367411,https://pubmed.ncbi.nlm.nih.gov/41367411/
2025/12/03 00:00,2025 Dec 3,Duke GJ,Promising solution for standardised length of hospital stay based on time-to-event models and contemporary Australian administrative data.,41338654,https://pubmed.ncbi.nlm.nih.gov/41338654/
2025/12/02 00:00,2025 Dec 2,Toolis M,A practice survey of airway management in Australian and New Zealand intensive care units: A 6-year follow-up study.,41332154,https://pubmed.ncbi.nlm.nih.gov/41332154/
2025/11/01 00:00,2025 Nov,Barlow CJD,Impact of the location of the initial admitting intensive care unit on the delivery of extracorporeal membrane oxygenation in Australia and New Zealand.,40945952,https://pubmed.ncbi.nlm.nih.gov/40945952/
2025/11/01 00:00,2025 Nov 1,Pilowsky JK,Mortality Trends Across Key Diagnostic Groups in Australian and New Zealand ICUs Over the Past 30 Years.,40810586,https://pubmed.ncbi.nlm.nih.gov/40810586/
2025/11/01 00:00,2025 Nov,Keeves J,The Australian Traumatic Brain Injury Initiative: Systematic Review of the Effect of Acute Interventions on Outcome for People With Moderate-Severe Traumatic Brain Injury.,38279797,https://pubmed.ncbi.nlm.nih.gov/38279797/
2025/11/01 00:00,2025 Nov,Walker HGM,"Timing and Mode of Death Following ECPR: A Single Centre, Retrospective Analysis.",40713203,https://pubmed.ncbi.nlm.nih.gov/40713203/
2025/10/16 00:00,2025 Dec,Duke GJ,"Critical care outcome prediction equation model, version 7.",41146741,https://pubmed.ncbi.nlm.nih.gov/41146741/
2025/09/29 00:00,2025 Sep 29,Duke GJ,"Maternal and Neonatal Outcomes: Right Data, Wrong Methodology, Misleading Answer?",41024410,https://pubmed.ncbi.nlm.nih.gov/41024410/
2025/09/27 00:00,2025 Oct,van Haren FMP,Efficacy of inhaled nebulised unfractionated heparin to prevent intubation or death in hospitalised patients with COVID-19: an investigator-initiated international meta-trial of randomised clinical studies.,41181828,https://pubmed.ncbi.nlm.nih.gov/41181828/
2025/09/01 00:00,2025 Sep,Duke GJ,Clinically meaningful categorisation of ICD-10-AM (Australian modification).,39563104,https://pubmed.ncbi.nlm.nih.gov/39563104/
2025/07/01 00:00,2025 Jul,Smith RJ,"A randomised, open-label trial of nebulised unfractionated heparin in patients mechanically ventilated for COVID-19.",40148075,https://pubmed.ncbi.nlm.nih.gov/40148075/
2025/05/01 00:00,2025 May,Brown A,Beta-blockade for the treatment of refractory hypoxaemia during venovenous extracorporeal membrane oxygenation: An in-silico study.,38881099,https://pubmed.ncbi.nlm.nih.gov/38881099/
2025/05/01 00:00,2025 May,Aubron C,The impact of red blood cells storage duration on the development of acute kidney injury: A secondary analysis of the TRANSFUSE multicenter randomized controlled trial.,40156299,https://pubmed.ncbi.nlm.nih.gov/40156299/
2025/04/22 00:00,2025 Apr 22,Walker HG,"Early fluid balance and mortality following extracorporeal cardiopulmonary resuscitation: a high volume, single center study.",40264208,https://pubmed.ncbi.nlm.nih.gov/40264208/
2025/04/01 00:00,2025 Apr,Maeda A,Furosemide with adjunctive acetazolamide vs furosemide only in critically ill patients: A pilot two-center randomized controlled trial.,39689380,https://pubmed.ncbi.nlm.nih.gov/39689380/
2025/04/01 00:00,2025 Apr,Then J,The Impact of Sedative Choice in the Management of Aneurysmal Subarachnoid Hemorrhage: A Scoping Review.,39266867,https://pubmed.ncbi.nlm.nih.gov/39266867/
2025/03/01 00:00,2025 Mar,Rollinson TC,"Complications associated with prone positioning in mechanically ventilated COVID-19 patients: A multicentre, retrospective observational study.",39406618,https://pubmed.ncbi.nlm.nih.gov/39406618/
2025/02/27 00:00,2025 Mar,Young PJ,Mean arterial pressure targets in intensive care unit patients receiving noradrenaline: An international survey.,40109286,https://pubmed.ncbi.nlm.nih.gov/40109286/
2025/02/07 00:00,2025 Feb 7,Cosgrave D,"Can nebulised heparin reduce acute lung injury in patients with SARS‑CoV‑2 requiring advanced respiratory support in Ireland: the CHARTER‑Ireland phase Ib/IIa, randomised, parallel-group, open-label study.",39920521,https://pubmed.ncbi.nlm.nih.gov/39920521/
2024/12/11 00:00,2024,Teo EJ,The Development of Non-Invasive Optical Brain Pulse Monitoring: A Review.,39678442,https://pubmed.ncbi.nlm.nih.gov/39678442/
2024/08/19 00:00,2024 Aug 19,Brown A,"Outcomes for people admitted to Australian and New Zealand intensive care units with primary, exacerbating, or incidental SARS-CoV-2 infections, 2022-23: a retrospective analysis of ANZICS data.",39019483,https://pubmed.ncbi.nlm.nih.gov/39019483/
2024/05/28 00:00,2024 May 28,Walker HGM,Composite outcome measures in high-impact critical care randomised controlled trials: a systematic review.,38807143,https://pubmed.ncbi.nlm.nih.gov/38807143/
2024/04/01 00:00,2024 Apr 1,Premraj L,"Oxygenation During Venoarterial Extracorporeal Membrane Oxygenation: Physiology, Current Evidence, and a Pragmatic Approach to Oxygen Titration.",38059745,https://pubmed.ncbi.nlm.nih.gov/38059745/
2024/03/04 00:00,2024,Waller SF,Elective intensive care unit admissions for organ donation in patients with terminal brain glioma: Case report.,38444694,https://pubmed.ncbi.nlm.nih.gov/38444694/
2024/03/01 00:00,2024 Mar,Baylis SR,Frequency of and associations with alterations of medical emergency team calling criteria in a teaching hospital emergency department.,37716882,https://pubmed.ncbi.nlm.nih.gov/37716882/
2024/03/01 00:00,2024 Mar,Rollinson TC,Magnitude and time to peak oxygenation effect of prone positioning in ventilated adults with COVID-19 related acute hypoxemic respiratory failure.,37944557,https://pubmed.ncbi.nlm.nih.gov/37944557/
2024/03/01 00:00,2024 Mar,Koneshamoorthy A,Outcomes associated with a variable rate insulin infusion diabetic ketoacidosis protocol.,38387103,https://pubmed.ncbi.nlm.nih.gov/38387103/
2024/02/19 00:00,2024,Teo EJ,Cerebrovascular Responses in a Patient with Lundberg B Waves Following Subarachnoid Haemorrhage Assessed with a Novel Non-Invasive Brain Pulse Monitor: A Case Report.,38404631,https://pubmed.ncbi.nlm.nih.gov/38404631/
2024/02/01 00:00,2024 Feb,Rollinson TC,Neuromuscular blockade and oxygenation changes during prone positioning in COVID-19.,37992464,https://pubmed.ncbi.nlm.nih.gov/37992464/
2023/12/08 00:00,2023 Dec 8,Eer ASY,Feasibility and acceptability of the use of flash glucose monitoring encountered by Indigenous Australians with type 2 diabetes mellitus: initial experiences from a pilot study.,38066492,https://pubmed.ncbi.nlm.nih.gov/38066492/
2023/10/18 00:00,2021 Sep 6,Duke GJ,Hospital-acquired complications in critically ill patients.,38046077,https://pubmed.ncbi.nlm.nih.gov/38046077/
2023/09/14 00:00,2023 Sep 14,Moran JL,Modelling of intensive care unit (ICU) length of stay as a quality measure: a problematic exercise.,37710162,https://pubmed.ncbi.nlm.nih.gov/37710162/
2023/09/11 00:00,2023 Sep,Paratz ED,Right ventricular pneumatosis and extensive multi-territory air emboli in an intravenous drug user: a case report.,38073677,https://pubmed.ncbi.nlm.nih.gov/38073677/
2023/01/24 00:00,2023,Dixon B,Assessment of a Non-Invasive Brain Pulse Monitor to Measure Intra-Cranial Pressure Following Acute Brain Injury.,36718229,https://pubmed.ncbi.nlm.nih.gov/36718229/
2022/08/26 00:00,2022,Khan I,Evolving mortality rates in people who inject drugs: An Australian tertiary hospital observational study on infective endocarditis.,36018847,https://pubmed.ncbi.nlm.nih.gov/36018847/
2022/07/01 00:00,2022 Jul,van Haren FMP,Can nebulised HepArin Reduce morTality and time to Extubation in patients with COVID-19 Requiring invasive ventilation Meta-Trial (CHARTER-MT): Protocol and statistical analysis plan for an investigator-initiated international meta-trial of prospective randomised clinical studies.,35106809,https://pubmed.ncbi.nlm.nih.gov/35106809/
2022/06/01 00:00,2022 Jun,van Haren FMP,Inhaled nebulised unfractionated heparin for the treatment of hospitalised patients with COVID-19: A multicentre case series of 98 patients.,34984714,https://pubmed.ncbi.nlm.nih.gov/34984714/
2022/01/01 00:00,2022 Jan,Halliday AJ,Pre-hospital benzodiazepines associated with improved outcomes in out-of-hospital status epilepticus: A 10-year retrospective cohort study.,34954464,https://pubmed.ncbi.nlm.nih.gov/34954464/
2021/08/01 00:00,2021 Aug,van Haren FMP,INHALEd nebulised unfractionated HEParin for the treatment of hospitalised patients with COVID-19 (INHALE-HEP): Protocol and statistical analysis plan for an investigator-initiated international metatrial of randomised studies.,33377218,https://pubmed.ncbi.nlm.nih.gov/33377218/
2021/06/21 00:00,2021 Jun 21,Moran JL,Modelling hospital outcome: problems with endogeneity.,34154530,https://pubmed.ncbi.nlm.nih.gov/34154530/
2021/04/01 00:00,2021 Apr,Dixon B,"Nebulised heparin for patients with or at risk of acute respiratory distress syndrome: a multicentre, randomised, double-blind, placebo-controlled phase 3 trial.",33493448,https://pubmed.ncbi.nlm.nih.gov/33493448/
2021/02/02 00:00,2021 Feb 2,Fujii T,Incidence and management of metabolic acidosis with sodium bicarbonate in the ICU: An international observational study.,33531020,https://pubmed.ncbi.nlm.nih.gov/33531020/
2021/02/01 00:00,2021 Feb,Duke GJ,Safety of the endotracheal tube for prolonged mechanical ventilation.,33161243,https://pubmed.ncbi.nlm.nih.gov/33161243/
2020/10/06 00:00,2020 Oct 6,Angus DC,Effect of Hydrocortisone on Mortality and Organ Support in Patients With Severe COVID-19: The REMAP-CAP COVID-19 Corticosteroid Domain Randomized Clinical Trial.,32876697,https://pubmed.ncbi.nlm.nih.gov/32876697/
2020/07/22 00:00,2020 Jul 22,van Haren FMP,Nebulised heparin as a treatment for COVID-19: scientific rationale and a call for randomised evidence.,32698853,https://pubmed.ncbi.nlm.nih.gov/32698853/
2020/04/01 00:00,2020 Apr,Duke GJ,Sepsis in the new millennium - Are we improving?,32001425,https://pubmed.ncbi.nlm.nih.gov/32001425/
2020/03/25 00:00,2020 Mar 25,Glas GJ,Nebulized Heparin in Burn Patients with Inhalation Trauma-Safety and Feasibility.,32218127,https://pubmed.ncbi.nlm.nih.gov/32218127/
2019/10/01 00:00,2019 Oct,Darvall JN,Frailty in very old critically ill patients in Australia and New Zealand: a population-based cohort study.,31489652,https://pubmed.ncbi.nlm.nih.gov/31489652/
2019/08/01 00:00,2019 Aug,Smith RJ,Frailty is associated with reduced prospect of discharge home after in-hospital cardiac arrest.,30411470,https://pubmed.ncbi.nlm.nih.gov/30411470/
2018/07/01 00:00,2018 Jul,Santamaria J,Increasing the Number of Medical Emergency Calls Does Not Improve Hospital Mortality.,29601313,https://pubmed.ncbi.nlm.nih.gov/29601313/
2018/06/01 00:00,2018 Jun,Eyeington CT,Ventilation management in Victorian intensive care unit patients without acute respiratory distress syndrome.,29852848,https://pubmed.ncbi.nlm.nih.gov/29852848/
2018/05/01 00:00,2018 May,Lee MH,Diabetic ketoacidosis in adult patients: an audit of factors influencing time to normalisation of metabolic parameters.,29316133,https://pubmed.ncbi.nlm.nih.gov/29316133/
2018/02/01 00:00,2018 Feb,Gunasekaran B,Assessment of potential opioid toxicity and response to naloxone by rapid response teams at an urban Melbourne hospital.,29415364,https://pubmed.ncbi.nlm.nih.gov/29415364/
2017/11/01 00:00,2017 Nov,Juschten J,Nebulized anticoagulants in lung injury in critically ill patients-an updated systematic review of preclinical and clinical studies.,29264361,https://pubmed.ncbi.nlm.nih.gov/29264361/
2017/10/03 00:00,2017,Moran JL,Reconsidering lactate as a sepsis risk biomarker.,28972976,https://pubmed.ncbi.nlm.nih.gov/28972976/
2017/07/01 00:00,2017 Jul,Smith RJ,Use of resuscitation plans at a tertiary Australian hospital: room for improvement.,28422404,https://pubmed.ncbi.nlm.nih.gov/28422404/
2017/03/01 00:00,2017 Mar,Smith RJ,Rapid response team diagnoses: frequencies and related hospital mortality.,28215135,https://pubmed.ncbi.nlm.nih.gov/28215135/
2016/12/01 00:00,2016 Dec,Glas GJ,Nebulized heparin for patients under mechanical ventilation: an individual patient data meta-analysis.,27083915,https://pubmed.ncbi.nlm.nih.gov/27083915/
2016/09/01 00:00,2016 Sep,Ghanpur R,Plastic Blood Gas Syringes and Measurement Error in Central Venous Oxygen Saturations.,27058047,https://pubmed.ncbi.nlm.nih.gov/27058047/
2016/09/01 00:00,2016 Sep,Nota C,The impact of an education program and written guideline on adherence to low tidal volume ventilation.,27604331,https://pubmed.ncbi.nlm.nih.gov/27604331/
2016/03/01 00:00,2016 Mar,Gabriel LE,Insurance status and mortality in critically ill patients.,26947415,https://pubmed.ncbi.nlm.nih.gov/26947415/
2016/01/01 00:00,2016 Jan,Dixon B,A trial of nebulised heparin to limit lung injury following cardiac surgery.,26673586,https://pubmed.ncbi.nlm.nih.gov/26673586/
2015/11/01 00:00,2015 Nov,Mok K,"Changing clinical guidelines from delayed to early aperient administration for enterally fed intensive care patients was associated with increased diarrhoea: a before-and-after, intention-to-treat evaluation.",25773579,https://pubmed.ncbi.nlm.nih.gov/25773579/
2015/09/01 00:00,2015 Sep,Iwashyna TJ,Towards defining persistent critical illness and other varieties of chronic critical illness.,26282262,https://pubmed.ncbi.nlm.nih.gov/26282262/
2015/08/01 00:00,2015 Aug,Smith RJ,The duration of hospitalization before review by the rapid response team: A retrospective cohort study.,25981444,https://pubmed.ncbi.nlm.nih.gov/25981444/
2015/06/01 00:00,2015 Jun,Santamaria JD,Do we practise low tidal-volume ventilation in the intensive care unit? a 14-year audit.,26017128,https://pubmed.ncbi.nlm.nih.gov/26017128/
2015/05/01 00:00,2015 May 1,Santamaria JD,"The timing of discharge from the intensive care unit and subsequent mortality. A prospective, multicenter study.",25730675,https://pubmed.ncbi.nlm.nih.gov/25730675/
2015/04/13 00:00,2015 Apr 13,Suzuki S,Paracetamol therapy and outcome of critically ill patients: a multicenter retrospective observational study.,25879463,https://pubmed.ncbi.nlm.nih.gov/25879463/
2014/09/01 00:00,2014 Sep,Duke GJ,"ANZROD, COPE 4 and PIM 3: caveat emptor.",25161015,https://pubmed.ncbi.nlm.nih.gov/25161015/
2014/06/01 00:00,2014 Jun,Smith RJ,The mortality associated with review by the rapid response team for non-arrest deterioration: a cohort study of acute hospital adult patients.,24888282,https://pubmed.ncbi.nlm.nih.gov/24888282/
2014/04/01 00:00,2014 Apr,Dixon B,The operating surgeon is an independent predictor of chest tube drainage following cardiac surgery.,24439890,https://pubmed.ncbi.nlm.nih.gov/24439890/
2014/01/20 00:00,2014 Jan 20,Santamaria JD,Do outlier inpatients experience more emergency calls in hospital? An observational cohort study.,24438419,https://pubmed.ncbi.nlm.nih.gov/24438419/
2013/01/01 00:00,2013 Jan,Dixon B,The association of blood transfusion with mortality after cardiac surgery: cause or confounding? (CME).,22574710,https://pubmed.ncbi.nlm.nih.gov/22574710/
2011/12/01 00:00,2011 Dec,Smith RJ,Automated external defibrillators and in-hospital cardiac arrest: patient survival and device performance at an Australian teaching hospital.,21741431,https://pubmed.ncbi.nlm.nih.gov/21741431/
2010/12/01 00:00,2010 Dec,Smith RJ,Fluid therapy using a balanced crystalloid solution and acid-base stability after cardiac surgery.,21143083,https://pubmed.ncbi.nlm.nih.gov/21143083/
2010/05/01 00:00,2010 May,Wall CJ,Extracorporeal membrane oxygenation: an unusual cause of acute limb compartment syndrome.,20514969,https://pubmed.ncbi.nlm.nih.gov/20514969/
2010/02/01 00:00,2010 Feb,Santamaria J,Changing cardiac arrest and hospital mortality rates through a medical emergency team takes time and constant review.,20029341,https://pubmed.ncbi.nlm.nih.gov/20029341/
2010/01/01 00:00,2010 Jan,Moore EM,Preoperative estimated glomerular filtration rate and RIFLE-classified postoperative acute kidney injury predict length of stay post-coronary bypass surgery in an Australian setting.,20191786,https://pubmed.ncbi.nlm.nih.gov/20191786/
2008/07/01 00:00,2008 Jul,Dixon B,Elevated pulmonary dead space and coagulation abnormalities suggest lung microvascular thrombosis in patients undergoing cardiac surgery.,18301879,https://pubmed.ncbi.nlm.nih.gov/18301879/
2008/01/01 00:00,2008,Dixon B,A phase 1 trial of nebulised heparin in acute lung injury.,18460218,https://pubmed.ncbi.nlm.nih.gov/18460218/
2007/05/16 00:00,2007 May 16,Jelinek M,Metamorphosis: the natural history of coronary heart disease. Sudden death is common. Unexpected death is not.,16904770,https://pubmed.ncbi.nlm.nih.gov/16904770/
2006/10/01 00:00,2006 Oct,Piercy M,Unplanned admission to the intensive care unit in postoperative patients--an indicator of quality of anaesthetic care?,17061633,https://pubmed.ncbi.nlm.nih.gov/17061633/
2006/04/03 00:00,2006 Apr 3,Tobin AE,After-hours discharges from intensive care are associated with increased mortality.,16584367,https://pubmed.ncbi.nlm.nih.gov/16584367/
2006/03/01 00:00,2006 Mar,Tobin AE,Mechanisms by which systemic salbutamol increases ventilation.,16548904,https://pubmed.ncbi.nlm.nih.gov/16548904/
2005/07/01 00:00,2005 Jul,Dixon B,Coagulation activation and organ dysfunction following cardiac surgery.,16002940,https://pubmed.ncbi.nlm.nih.gov/16002940/
2004/10/01 00:00,2004 Oct,Dixon B,The role of microvascular thrombosis in sepsis.,15535483,https://pubmed.ncbi.nlm.nih.gov/15535483/
2001/06/01 00:00,2001 Jun,Scott DA,Blood loss in elective coronary artery surgery: a comparison of centrifugal versus roller pump heads during cardiopulmonary bypass.,11426362,https://pubmed.ncbi.nlm.nih.gov/11426362/
2000/06/01 00:00,2000 Jun,Hodgson C,An investigation of the early effects of manual lung hyperinflation in critically ill patients.,10853205,https://pubmed.ncbi.nlm.nih.gov/10853205/
1999/06/01 00:00,1999 Jun,Dixon B,Proximal small bowel infarction associated with portal venous gas.,16603002,https://pubmed.ncbi.nlm.nih.gov/16603002/
